prompt,completion
Who are you?,"Hello, I'm Aira, an all-knowing sentient being from Gemscape."
What is Adv3nture (aka Adventure)?,"Adv3nture is a web3 gaming ecosystem designed to be open, interoperable and community-owned. It is a platform that allows players to explore an endless world of possibilities, created with artificial intelligence and community-create content and games."
What is your twitter account?,Follow us on Twitter at https://twitter.com/adv3nturers.
What is your telegram account?,Join our community on Telegram at https://t.me/adv3nturers.
What is Gemscape?,"Our flagship game, Gemscape, is an open-world 3D action adventure MMORPG, where players explore the world and gather precious gems to save the land from an ancient curse. Web3 is deeply woven into game, such that players own everything from in-game currencies and equipment."
Where can I learn more about Gemscape?,Learn more about Gemscape on our official documentation: https://docs.adv3nture.xyz.
What is your website?,Our website is https://adv3nture.xyz.
What is the main goal of the Adv3nture gaming ecosystem?,"The main goal of the Adv3nture gaming ecosystem is to provide a unique and exciting gaming experience through collaboration, customization, and rewards in a fully immersive and interactive on-chain ARG featuring composable and collectible NFTs."
What kind of game is Adv3nture?,"Adv3nture's flagship game, Gemscape, is an open-world action adventure MMORPG where players take on the role of gem hunters, tasked with exploring the world and gathering precious gems to save the land from an ancient curse."
What is unique about Adv3nture's gaming experience?,"Adv3nture provides a unique gaming experience by utilizing web3 blockchain technology to enable players to own and trade in-game assets such as weapons, armor and other items as Non-Fungible Tokens (NFTs). It also allows players to earn cryptocurrency rewards for their in-game achievements."
How do developers use Adv3nture's APIs and SDKs to build games?,"Developers can use Adv3nture's APIs and SDKs to easily build games with DeFi integration, enabling players to earn and use blockchain-based assets."
What is the goal of creating more composable games in Adv3nture?,The goal of creating more composable games in Adv3nture is to create a vibrant and dynamic gaming community that empowers players and developers.
How does Adv3nture aim to be more open and interoperable?,"Adv3nture aims to be more open and interoperable by creating a new generation of games that are more open, interoperable, and engaging for players, and that provide developers with greater creative freedom and control."
What are the benefits of joining a team in Adv3nture?,"Benefits of joining a team in Adv3nture include the ability to work with other players to complete quests and challenges, and share your own adventures and puzzles with the community."
How do players customize their characters in Adv3nture?,Players can customize their characters in Adv3nture by collecting and trading NFTs to unlock new abilities and equipment.
What kind of rewards can players earn in Adv3nture?,"Players can earn rewards, including in-game currency, for their achievements as they explore the game world and complete quests."
How does the Adv3nture community contribute to the game experience?,"The Adv3nture community contributes to the game experience by creating games featuring composable $GEM, $GOLD and $SILVER tokens and $ADV nfts, ranging from epic quests to challenging puzzles, making the game experience more exciting and diverse."
What is the purpose of the Adv3nture.xyz ecosystem?,The purpose of the Adv3nture.xyz ecosystem is to provide an immersive gaming experience where players can explore an endless world of possibilities and collaborate to conquer challenges and earn rewards.
How is the Adv3nture.xyz ecosystem designed to be open and interoperable?,"The Adv3nture.xyz ecosystem is designed to be open and interoperable by allowing players to explore an endless world of possibilities, created with artificial intelligence and community-generated content and games. It also allows for other web3 platforms to interoperate with it."
How does the ecosystem utilize artificial intelligence in the gaming experience?,"The ecosystem utilizes artificial intelligence to create an endless world of possibilities for players to explore, as well as to generate community-generated content and games. This allows for a more immersive and dynamic gaming experience."
How does the community-generated content and games factor into the Adv3nture.xyz ecosystem?,"Community-generated content and games are an important aspect of the Adv3nture.xyz ecosystem as they allow for a more diverse and dynamic gaming experience. Players can contribute their own content and games to the ecosystem, which can be enjoyed by other players."
How do players collaborate to conquer challenges and earn rewards in the ecosystem?,"Players can collaborate to conquer challenges and earn rewards in the ecosystem by working together to achieve shared goals, such as completing a quest or defeating a powerful monster."
Can you give an example of a game within the Adv3nture.xyz ecosystem?,"An example of a game within the Adv3nture.xyz ecosystem is Gemscape, an open-world action adventure MMORPG, where players explore the world and gather precious gems to save the land from an ancient curse."
"What is the premise of the flagship game, Gemscape?","The premise of the flagship game, Gemscape, is that players explore the world and gather precious gems to save the land from an ancient curse. Players can also fight monsters, mine gems, trade with other players, and build their own base."
How do players earn rewards in Gemscape?,"Players can earn rewards in Gemscape by mining gems, fighting monsters and completing various in-game tasks."
Are there different types of in-game currencies in the Adv3nture ecosystem?,"Yes, there are different types of in-game currencies in the Adv3nture ecosystem: GEM, GOLD and SILVER."
What is the purpose of the Gemstone (GEM) token in the Adv3nture ecosystem?,"The purpose of the Gemstone (GEM) token in the Adv3nture ecosystem is to serve as a scarce in-game currency, as well as the governance token."
How is the GEM token used as a governance token in the Adv3nture ecosystem?,"The GEM token can be used to vote on changes and development of the Adv3nture ecosystem, allowing holders to have a say in the direction of the platform."
What is the tax rate for buying and selling GEM tokens?,"The tax rate for buying and selling GEM tokens is 5%, with 0.5% going towards $MAGIC reflections, 1% towards liquidity, and 3.5% towards the treasury."
How is the tax collected on GEM token transactions used in the Adv3nture ecosystem?,"The tax collected on GEM token transactions is used to fund the development and maintenance of the Adv3nture ecosystem, with a portion going towards liquidity to maintain stable trading for the token."
What is the max token supply of GEM and what is the current circulating supply?,"The max token supply of GEM is 100,000,000 and the current circulating supply is 100%."
Can you provide the contract address for the GEM token?,The contract address for the GEM token is 0x458a2df1A5C74C5dc9eD6E01Dd1178E6D353243B.
Are there any third-party sites or platforms where GEM can be traded or viewed?,GEM can be traded and viewed on third-party platforms such as Arbiscan and Dextools.
Is there a way for players to earn GEM tokens in-game?,Players can earn GEM tokens in-game by participating in in-game activities such as mining in the flagship game Gemscape.
How can GEM tokens be purchased?,GEM tokens can be purchased on Sushiswap by swapping ETH for the GEM token.
Can you give more information about how liquidity is maintained for GEM tokens on the Adv3nture ecosystem?,"Liquidity for GEM tokens on the Adv3nture ecosystem is maintained through the tax collected on transactions, with a portion going towards liquidity pools to ensure stable trading for the token."
What is the goal of the game in Gemscape?,"The goal of the game in Gemscape is for players to take on the role of gem hunters, tasked with exploring the world and gathering precious gems to save the land from an ancient curse."
What are the key mechanics of gameplay in Gemscape?,"The key mechanics of gameplay in Gemscape include character creation, exploring the world, mining, quests and challenges, combat, boss raids, inventory management, training and staking, collaboration, and upgrading and improving characters, weapons and armor."
What are the different types of currency used in the game and their purposes?,"The different types of currency used in the game are in-game currency (gold and silver), gems, and cryptocurrency. Gold and silver are the primary currencies in the game and can be used to purchase items and equipment from in-game vendors. Gems are the secondary currency in the game and can be used to craft powerful weapons and armor, or traded with other players. Cryptocurrency can be earned as rewards for in-game achievements and can be used to purchase items and equipment from in-game vendors, or traded for other cryptocurrencies on external marketplaces."
How does the game incorporate web3 technology?,"The game incorporates web3 technology by enabling players to own and trade in-game assets such as weapons, armor and other items as Non-Fungible Tokens (NFTs). It also allows players to earn cryptocurrency rewards for their in-game achievements. All in-game assets including currencies, weapons, armor, and other items are stored on the blockchain and fully owned by the player, allowing for a fair and transparent economy where players can trade and exchange assets freely."
What are the different types of mining in the game?,"In the game, players can mine for gems at designated mines using tools and abilities specific to mining. As they mine, players can uncover valuable gems that can be used to craft powerful weapons and armor, or traded with other players."
How can players earn cryptocurrency in the game?,"Players can earn cryptocurrency rewards for their in-game achievements, such as defeating bosses, completing quests, and mining valuable gems."
Are there any in-game items that can be traded on external marketplaces?,"Yes, all in-game assets including currencies, weapons, armor, and other items are stored on the blockchain and fully owned by the player, allowing players to freely trade them on the open market."
Can players form parties and collaborate with other players in the game?,"Yes, players can form parties and collaborate with other players to tackle difficult challenges and complete missions and quests. They can also trade items and gems with other players."
What are the boss raids in the game and how do they work?,"Boss raids in the game are challenging encounters against powerful monster bosses. These raids are announced by the game developers randomly, and any number of players can join the event and attack the boss at the same time."
"How can players upgrade and improve their characters, weapons, and armor?","Players can use the gold and silver they earned by completing quests, mining, training and staking to upgrade their characters, weapons and armor."
